{
  "/World/tv_3": [
    -1.75,
    -0.6,
    0.4320200378849918,
    0.0
  ],
  "/World/desk_0": [
    -0.25,
    0.15,
    0.4128388121834661,
    0.0
  ],
  "/World/chair_2": [
    -0.25,
    -0.6,
    0.5303763045286466,
    90.0
  ],
  "/World/bottle_1": [
    0.25,
    0.65,
    0.9504219910399466,
    0.0
  ]
}