{
  "/World/robot_0": [
    -3.0,
    -0.14453499854335125,
    0.5,
    99.4623
  ],
  "/World/container_2": [
    0.8266023727242238,
    1.3450941699998469,
    0.0489106013908209,
    -141.33651754694776
  ],
  "/World/pallet_3": [
    2.2889891321468827,
    -0.4787149480565116,
    0.49999999999999994,
    16.23335741517976
  ],
  "/World/baggingmachine_4": [
    0.3670739907665266,
    0.2624873115218524,
    0.1879032334777462,
    -49.74142185972775
  ],
  "/World/panel_5": [
    -1.7773620984207423,
    -0.9896507188221975,
    0.3018823992097065,
    44.65838501932235
  ],
  "/World/table_1": [
    1.9157344559437908,
    1.0684727031945416,
    0.31851854632180165,
    124.1178448649071
  ]
}