{
  "/World/SM_Chair_0": [
    0.0,
    0.0,
    0.5,
    -144.77077610153043
  ],
  "/World/SM_Bed_3": [
    3.8320860855880756,
    2.650938676742401,
    0.25501148332975215,
    -113.09801122508078
  ],
  "/World/SM_Desk_1": [
    2.920698520947126,
    1.8461791449647584,
    0.2769644595202715,
    43.067883758719454
  ],
  "/World/SM_Sofa_5": [
    2.134395405166816,
    2.9985589108535793,
    0.19362745256874206,
    70.36176244437864
  ],
  "/World/SM_Toilet_6": [
    3.0548493068066556,
    2.459679166000711,
    0.5,
    -74.26610735744896
  ],
  "/World/SM_TV_4": [
    -1.1262876279644165,
    -2.0513897479906174,
    0.29937483238580753,
    -126.38897257310178
  ],
  "/World/SM_TrashCan_2": [
    -3.5255419769519074,
    0.6439680452050549,
    0.49999999999999994,
    -123.44459492229308
  ]
}